1,39,Blog,190,2023-08-30,1,9,1883-671
2,48,Blog,114,2023-03-28,18,20,5280-532
3,16,video,32,2023-12-08,7,14,1905-204
4,43,Video,17,2025-01-21,19,20,2766-257
5,16,newsletter,306,2024-02-21,6,15,5116-1524
6,32,Socialmedia,648,2023-06-18,18,19,8237-1641
7,33,SOCIALMEDIA,1,2025-10-01,12,2,750-34
8,47,Blog,1,2025-03-31,17,6,891-35
9,48,blog,123,2024-03-19,13,16,5571-1527
10,4,Blog,25,2023-12-03,15,15,4279-297
11,38,Socialmedia,29,2024-05-26,19,6,4297-234
12,29,socialmedia,396,2023-06-15,3,10,7877-2037
13,14,video,12,2025-02-04,12,18,1796-136
14,2,Socialmedia,317,2023-08-26,16,2,6837-2251
15,16,Socialmedia,0,2025-10-20,6,19,36-1
16,2,SOCIALMEDIA,276,2023-07-06,17,16,5980-1227
17,35,BLOG,9,2024-05-17,18,10,563-104
18,12,Video,0,2024-10-26,19,8,321-15
19,30,Newsletter,118,2023-10-29,11,9,1442-400
20,35,BLOG,0,2024-10-07,4,6,41-7
21,26,Blog,7,2024-12-28,1,6,1037-111
22,11,video,357,2024-04-04,12,16,5543-1288
23,21,Newsletter,4,2024-12-27,8,18,522-43
24,38,Newsletter,65,2024-05-20,8,16,3651-377
25,33,Newsletter,0,2025-11-17,6,10,487-5
26,31,Video,2,2025-06-04,20,20,1742-71
27,42,Video,72,2024-07-27,4,3,3225-337
28,29,Socialmedia,7,2023-12-22,2,16,165-48
29,15,video,0,2025-08-02,17,20,58-2
30,29,Newsletter,14,2024-09-10,20,17,1010-196
31,1,socialmedia,2,2025-06-10,4,4,1079-44
32,37,blog,0,2025-11-04,19,16,441-9
33,44,BLOG,3,2025-06-21,1,7,1415-76
34,1,Socialmedia,29,2023-04-18,11,4,1223-127
35,2,VIDEO,1,2025-07-26,13,15,704-17
36,29,NEWSLETTER,6,2025-06-11,9,19,1788-75
37,32,Video,400,2023-01-24,7,1,9759-3095
38,30,Newsletter,449,2023-01-02,16,15,2674-956
39,24,Video,373,2023-09-02,11,11,4881-1204
40,18,Video,215,2024-04-02,4,4,3222-793
41,8,Socialmedia,193,2024-06-01,2,12,4654-1083
42,16,Blog,840,2023-07-23,17,8,6771-2617
43,34,Newsletter,92,2023-08-12,8,1,3640-370
44,18,Newsletter,3,2025-04-10,9,8,1341-66
45,9,Blog,4,2024-10-19,15,12,797-103
46,5,Blog,11,2024-09-29,1,1,2549-228
47,41,Video,33,2024-06-08,3,12,1145-130
48,19,Video,15,2025-01-26,17,8,1648-163
49,41,Newsletter,0,2025-07-13,19,3,171-8
50,43,SOCIALMEDIA,11,2024-06-23,15,14,1066-110
51,44,NEWSLETTER,44,2025-02-25,6,17,2725-358
52,41,Blog,3,2025-04-22,3,15,1617-70
53,41,Video,2,2024-09-20,16,15,599-39
54,40,Blog,0,2025-09-22,13,17,706-34
55,50,Blog,18,2025-04-01,18,6,2387-201
56,24,socialmedia,1,2025-12-19,10,5,922-39
57,8,Video,3,2025-01-12,7,20,944-91
58,2,video,0,2025-11-07,17,9,578-11
59,37,video,0,2025-07-17,10,1,219-7
60,1,socialmedia,0,2025-10-15,19,7,404-15
61,47,blog,72,2024-01-24,16,7,2847-528
62,15,Socialmedia,2,2025-05-29,18,10,1521-33
63,31,NEWSLETTER,6,2025-03-28,16,16,1473-97
64,49,video,0,2025-12-03,1,15,111-3
65,3,Blog,30,2023-10-05,14,12,524-94
66,28,VIDEO,23,2024-09-12,4,5,1493-141
67,29,Newsletter,176,2024-06-10,2,19,5147-788
68,33,Video,5,2024-10-20,3,19,239-43
69,50,blog,68,2024-05-11,2,8,2935-303
70,12,Socialmedia,10,2024-04-30,12,11,228-49
71,37,Video,459,2023-03-04,11,14,4368-1156
72,19,BLOG,657,2023-01-06,17,1,6991-2499
73,10,socialmedia,0,2025-04-06,18,3,40-4
74,6,Newsletter,64,2023-08-22,7,7,4098-761
75,11,Video,12,2024-05-01,13,18,565-137
76,48,Blog,545,2023-03-11,14,3,6205-2834
77,26,Socialmedia,143,2023-08-27,20,18,1671-482
78,44,SOCIALMEDIA,2,2025-06-07,17,2,713-44
79,36,video,397,2023-04-26,9,16,3632-1500
80,15,video,8,2025-01-04,19,12,1535-243
81,30,NEWSLETTER,11,2024-06-30,11,2,581-117
82,49,Socialmedia,142,2023-04-26,8,20,1354-425
83,48,video,14,2025-02-20,9,2,1933-158
84,24,socialmedia,116,2023-05-22,18,14,6319-832
85,34,Video,0,2025-05-08,18,20,36-3
86,37,BLOG,5,2025-04-06,3,7,1576-45
87,8,BLOG,111,2024-07-27,2,2,3142-602
88,28,socialmedia,121,2023-10-01,12,7,1360-440
89,21,Socialmedia,1,2024-11-27,2,13,214-15
90,35,Video,595,2023-05-25,7,9,3338-1402
91,8,Blog,9,2024-05-26,7,13,379-95
92,35,video,3,2025-05-21,3,8,516-49
93,23,SOCIALMEDIA,147,2023-02-19,1,17,2989-1283
94,33,Video,389,2023-02-18,15,17,2595-933
95,35,newsletter,22,2024-08-15,1,7,1193-209
96,17,Blog,32,2024-07-15,14,13,712-142
97,34,blog,3,2025-07-01,16,7,696-47
98,44,blog,0,2025-08-20,11,8,231-10
99,26,Blog,119,2024-04-15,17,4,3511-479
100,32,Video,34,2024-05-05,15,13,2657-175
101,44,Newsletter,755,2023-04-14,2,12,7637-3102
102,11,BLOG,234,2023-04-01,7,7,7389-927
103,15,Newsletter,5,2024-12-15,16,16,949-38
104,25,SOCIALMEDIA,133,2023-09-24,11,12,5433-892
105,10,Blog,465,2023-08-10,16,11,4327-1380
106,13,socialmedia,335,2023-08-23,17,11,7793-951
107,20,Blog,0,2025-01-27,6,12,150-4
108,48,Blog,56,2023-10-26,15,6,2826-264
109,25,BLOG,81,2024-08-07,20,4,1998-458
110,12,SOCIALMEDIA,75,2024-06-09,3,4,1408-307
111,34,blog,10,2025-05-18,7,8,1942-99
112,45,NEWSLETTER,57,2024-05-09,10,10,2195-578
113,49,video,31,2023-02-08,17,14,898-184
114,32,Socialmedia,0,2025-06-30,18,18,314-12
115,31,Newsletter,113,2023-05-17,18,11,3068-1210
116,35,video,0,2025-03-15,1,19,106-7
117,23,Socialmedia,0,2025-09-24,12,18,924-32
118,39,blog,0,2025-12-04,17,7,191-3
119,45,BLOG,117,2023-07-12,11,15,3962-426
120,33,VIDEO,164,2023-09-14,1,7,1674-486
121,5,VIDEO,1071,2023-02-09,17,7,8641-3301
122,13,Video,63,2024-04-17,6,12,5471-615
123,15,blog,0,2025-12-16,7,8,908-38
124,39,blog,32,2024-11-16,7,19,2847-274
125,44,SOCIALMEDIA,29,2023-08-22,12,20,621-199
126,34,blog,19,2025-04-27,20,4,2086-218
127,41,video,19,2023-10-29,6,6,989-103
128,35,newsletter,109,2024-02-27,17,5,2235-408
129,7,Blog,2,2024-08-17,5,1,401-30
130,5,SOCIALMEDIA,120,2024-02-05,11,1,2081-406
131,49,newsletter,45,2024-03-30,11,16,2977-695
132,2,Socialmedia,88,2023-07-28,19,8,2773-541
133,44,VIDEO,2,2025-04-18,18,6,415-34
134,1,Socialmedia,0,2025-09-08,11,14,359-18
135,21,Socialmedia,30,2024-12-20,18,16,2949-352
136,30,Blog,524,2023-07-05,16,8,6423-2478
137,3,BLOG,46,2023-11-07,9,9,782-239
138,19,VIDEO,113,2024-01-02,15,17,2352-425
139,48,Socialmedia,51,2024-01-20,11,12,1629-404
140,11,Video,394,2023-03-08,6,6,7397-1971
141,47,video,30,2024-01-24,13,16,861-264
142,35,Video,0,2025-11-05,6,1,261-5
143,34,Blog,273,2023-10-22,8,1,3932-784
144,27,socialmedia,3,2025-02-07,10,12,689-44
145,26,Newsletter,14,2025-04-12,15,11,1662-123
146,18,NEWSLETTER,0,2025-09-10,20,10,415-8
147,13,Socialmedia,5,2025-04-19,5,1,1219-74
148,3,blog,97,2023-10-10,17,16,3003-918
149,26,socialmedia,389,2023-02-01,7,4,6616-805
150,45,SOCIALMEDIA,85,2024-07-25,6,13,4611-373
151,30,blog,299,2024-05-30,1,12,5131-1303
152,32,newsletter,15,2024-07-05,4,4,1237-214
153,41,blog,0,2025-12-15,6,16,392-5
154,1,Newsletter,208,2023-08-20,16,17,2857-804
155,3,Blog,33,2024-05-03,17,11,4350-269
156,24,socialmedia,26,2024-01-18,19,4,1657-164
157,36,Socialmedia,7,2025-01-14,10,3,743-47
158,17,Newsletter,207,2023-06-03,4,12,4613-1539
159,29,Socialmedia,9,2024-10-04,5,18,361-64
160,2,NEWSLETTER,0,2025-12-28,17,6,811-21
161,39,BLOG,180,2024-04-19,18,19,4407-1105
162,23,BLOG,7,2025-03-17,17,14,1211-104
163,9,video,233,2023-01-08,16,5,4613-1553
164,6,socialmedia,32,2024-09-07,6,14,2995-432
165,44,Newsletter,314,2023-04-27,8,5,2831-1085
166,30,Newsletter,37,2023-10-15,13,5,1671-280
167,19,NEWSLETTER,564,2023-07-17,8,3,8049-2900
168,36,SOCIALMEDIA,21,2025-05-14,15,14,1969-201
169,26,newsletter,1,2024-10-18,10,2,101-11
170,46,Newsletter,1,2025-10-02,13,13,968-37
171,46,VIDEO,0,2025-11-05,1,19,79-2
172,26,socialmedia,15,2023-12-13,9,1,801-97
173,20,video,393,2023-05-09,17,3,6025-2221
174,16,SOCIALMEDIA,27,2024-05-16,3,18,5073-312
175,4,video,16,2024-06-10,15,16,3550-300
176,9,SOCIALMEDIA,16,2023-06-28,5,4,1142-121
177,2,blog,773,2023-03-24,5,7,8103-1781
178,21,newsletter,95,2023-09-11,11,13,3906-465
179,25,video,3,2025-05-04,19,19,1052-65
180,39,Blog,113,2024-01-18,11,12,4079-473
181,16,Video,12,2025-02-02,14,13,2963-199
182,7,Video,6,2024-04-29,20,12,422-68
183,50,blog,5,2025-01-25,4,16,1395-87
184,27,blog,0,2025-08-31,13,15,168-6
185,10,blog,66,2024-03-09,9,2,2229-255
186,9,newsletter,24,2024-12-16,11,13,2308-187
187,45,blog,197,2024-03-29,6,10,2478-717
188,18,blog,2,2025-04-19,20,7,2009-53
189,50,blog,266,2023-10-14,4,9,2523-840
190,1,newsletter,400,2023-05-13,17,11,5753-1480
191,23,NEWSLETTER,13,2025-01-30,18,19,2687-123
192,41,SOCIALMEDIA,54,2024-09-24,10,12,1556-312
193,30,blog,26,2024-07-28,9,2,3358-400
194,34,Socialmedia,125,2023-08-15,15,10,5719-587
195,13,socialmedia,1,2024-06-07,10,10,76-7
196,33,video,0,2025-12-01,13,4,769-28
197,20,Video,172,2023-12-31,4,11,5012-1452
198,4,Video,117,2023-02-01,8,12,2336-1076
199,6,Socialmedia,4,2025-04-28,1,5,1754-63
200,38,newsletter,72,2023-02-23,14,10,653-240
201,14,blog,0,2025-06-27,1,5,786-21
202,9,Video,1,2025-04-20,17,2,680-27
203,13,socialmedia,306,2023-01-04,1,18,4496-1368
204,15,NEWSLETTER,6,2024-12-04,11,7,1799-160
205,18,NEWSLETTER,253,2023-02-28,13,1,5215-741
206,14,blog,7,2025-04-06,9,20,1992-109
207,50,Newsletter,6,2025-02-10,1,14,440-50
208,31,Blog,2,2024-04-24,15,18,131-32
209,25,VIDEO,1,2025-08-10,3,7,779-24
210,8,Socialmedia,232,2023-08-23,13,12,2113-624
211,15,Socialmedia,0,2025-06-24,12,1,632-17
212,17,Blog,3,2024-12-06,18,16,379-20
213,9,Newsletter,24,2023-02-01,16,3,159-53
214,3,SOCIALMEDIA,0,2025-05-20,16,1,423-20
215,17,Blog,21,2023-12-13,14,3,4381-303
216,32,Video,234,2023-08-06,4,17,4938-1068
217,10,Video,279,2023-01-30,4,12,6297-1624
218,50,Video,80,2024-09-18,18,9,2280-480
219,45,Socialmedia,376,2023-03-15,5,20,2900-1294
220,24,newsletter,53,2024-01-16,11,4,4512-432
221,24,Newsletter,51,2024-03-09,6,20,1671-199
222,12,Blog,0,2025-08-16,17,8,93-4
223,17,socialmedia,2,2025-08-10,3,4,1157-42
224,11,blog,4,2025-06-18,7,4,1625-62
225,20,Socialmedia,71,2023-05-29,13,3,2610-245
226,19,Newsletter,5,2025-02-03,7,10,301-37
227,21,Newsletter,5,2025-03-06,20,10,918-73
228,35,video,0,2025-11-02,2,19,780-18
229,18,Video,291,2023-01-27,17,12,2361-746
230,30,newsletter,23,2025-01-10,3,10,1489-162
231,29,Newsletter,39,2023-05-23,13,8,2236-396
232,38,video,105,2023-09-09,8,8,4956-495
233,30,SOCIALMEDIA,0,2025-08-05,1,11,1063-20
234,23,blog,7,2024-03-13,11,7,191-41
235,22,newsletter,78,2024-08-12,2,19,3808-520
236,27,NEWSLETTER,78,2024-01-15,16,13,1857-324
237,20,newsletter,0,2025-10-24,5,1,579-10
238,42,Blog,14,2023-11-19,9,15,1426-167
239,11,Video,10,2024-09-24,11,10,1445-83
240,34,video,0,2025-10-23,20,1,801-38
241,4,VIDEO,41,2023-06-04,17,6,2226-478
242,38,video,70,2023-05-13,17,19,2178-280
243,2,Newsletter,336,2023-04-05,6,3,3829-1284
244,8,newsletter,22,2025-02-03,11,18,1907-282
245,39,Video,339,2023-02-15,10,7,9002-2059
246,30,VIDEO,256,2024-03-06,20,5,4556-1277
247,40,Blog,193,2024-02-01,9,1,5576-860
248,45,blog,1,2025-04-23,16,4,680-24
249,47,VIDEO,0,2025-06-21,10,11,194-12
250,9,Video,708,2023-03-01,17,15,3931-1744
251,24,Socialmedia,0,2025-03-22,2,10,254-17
252,29,SOCIALMEDIA,0,2025-11-16,10,5,456-8
253,46,Video,363,2023-04-11,16,3,2279-972
254,16,Video,0,2025-09-18,1,6,328-12
255,4,Newsletter,63,2024-10-12,19,4,3126-617
256,16,Blog,29,2025-01-04,15,15,3106-290
257,16,NEWSLETTER,0,2025-12-03,7,19,622-20
258,32,socialmedia,132,2023-10-28,7,3,3715-1027
259,41,Newsletter,29,2024-07-20,1,17,1629-388
260,7,Video,14,2025-04-08,15,13,1920-177
261,36,video,12,2025-01-05,17,15,852-79
262,32,Blog,0,2025-07-07,10,6,171-6
263,3,Newsletter,11,2025-04-23,20,8,2044-132
264,35,SOCIALMEDIA,0,2025-07-20,16,10,473-23
265,10,SOCIALMEDIA,5,2023-07-24,1,5,164-64
266,13,Blog,0,2025-03-19,13,9,553-16
267,34,Video,42,2023-11-18,14,7,4348-376
268,23,Socialmedia,235,2023-01-30,3,12,5367-1627
269,43,socialmedia,232,2023-10-22,3,16,6484-763
270,35,Newsletter,203,2023-04-17,20,1,4749-2069
271,28,Socialmedia,0,2025-11-12,19,1,774-27
272,50,Video,0,2025-10-25,8,15,198-8
273,10,blog,60,2023-11-11,9,19,506-175
274,20,Video,820,2023-02-14,12,2,5486-1725
275,19,NEWSLETTER,9,2025-04-02,10,8,951-117
276,27,SOCIALMEDIA,13,2024-10-10,11,17,1079-73
277,15,Newsletter,285,2023-09-26,8,13,4437-789
278,38,newsletter,426,2023-05-02,2,10,8679-967
279,50,newsletter,13,2024-09-13,3,3,1741-86
280,21,Socialmedia,9,2024-11-20,18,11,779-88
281,34,socialmedia,0,2025-04-06,9,18,115-5
282,35,Blog,1,2025-06-19,13,14,998-72
283,17,blog,1,2025-05-26,10,16,961-29
284,30,Video,41,2024-11-01,1,7,3654-231
285,12,blog,25,2025-02-04,10,15,2374-300
286,2,Video,6,2025-03-08,17,9,745-78
287,41,socialmedia,0,2025-11-13,2,17,625-25
288,21,socialmedia,255,2023-07-02,6,10,7333-1200
289,16,Blog,40,2024-11-24,6,2,2622-364
290,20,Socialmedia,521,2023-09-25,13,7,6881-2028
291,34,Newsletter,47,2024-08-29,18,12,1683-321
292,47,blog,259,2023-07-11,7,15,6436-1497
293,35,Socialmedia,91,2024-07-04,13,5,1712-395
294,38,Blog,523,2023-10-31,15,16,7071-1859
295,27,VIDEO,520,2023-12-15,1,17,5666-1655
296,37,socialmedia,169,2023-02-15,14,13,3196-1111
297,41,Video,69,2024-10-16,12,12,2929-410
298,13,Newsletter,0,2025-09-18,6,1,151-2
299,14,Socialmedia,48,2023-06-22,14,20,1026-320
300,8,newsletter,8,2024-02-25,8,14,1055-66
301,3,Newsletter,69,2023-12-17,19,10,3988-570
302,49,socialmedia,0,2025-11-26,9,20,683-20
303,32,BLOG,0,2025-08-09,17,1,167-2
304,43,BLOG,18,2025-04-18,2,20,2308-261
305,14,Video,152,2023-07-11,17,19,6103-790
306,26,blog,0,2025-10-27,16,10,48-2
307,29,Blog,31,2024-12-04,10,11,1616-190
308,40,video,25,2024-03-15,17,13,1902-365
309,11,newsletter,2,2025-05-30,9,10,1513-68
310,23,Newsletter,69,2023-05-17,11,7,2673-537
311,33,VIDEO,210,2023-10-13,11,13,6357-968
312,22,Newsletter,570,2023-01-04,3,7,9205-1157
313,15,Newsletter,316,2023-05-10,6,19,6876-1581
314,27,video,10,2024-09-29,1,18,694-81
315,35,newsletter,1,2024-11-02,2,9,152-13
316,3,socialmedia,27,2024-11-11,4,19,1508-196
317,42,SOCIALMEDIA,94,2023-07-16,16,10,1974-785
318,34,socialmedia,1,2025-06-20,12,20,378-29
319,37,Newsletter,17,2024-09-18,10,7,1123-137
320,12,VIDEO,5,2024-09-19,8,3,440-85
321,27,Socialmedia,5,2025-06-21,15,12,1057-58
322,41,video,0,2025-09-04,15,4,32-0
323,11,NEWSLETTER,6,2025-05-07,15,6,1833-197
324,15,Newsletter,2,2025-06-05,3,12,497-40
325,35,BLOG,7,2025-01-27,10,9,1092-56
326,46,Blog,14,2024-11-12,1,9,3117-213
327,27,blog,42,2024-01-03,20,14,603-133
328,26,Socialmedia,32,2024-08-28,11,10,2884-144
329,18,Video,197,2024-04-27,3,19,3374-773
330,22,newsletter,943,2023-06-09,9,1,8091-2991
331,28,SOCIALMEDIA,3,2025-04-25,2,12,499-28
332,11,Blog,53,2023-09-03,1,11,2533-355
333,50,Video,110,2023-01-26,4,6,5670-734
334,37,NEWSLETTER,339,2023-04-27,19,8,4405-1143
335,19,BLOG,11,2024-12-17,19,10,1084-118
336,50,video,41,2024-10-02,11,4,1619-249
337,5,Video,75,2024-05-05,15,5,1915-382
338,41,Blog,23,2025-01-01,5,1,2000-198
339,26,newsletter,460,2023-09-21,3,1,6753-2013
340,6,SOCIALMEDIA,455,2024-03-25,20,14,5854-1604
341,14,socialmedia,7,2025-01-06,10,9,1679-174
342,10,BLOG,199,2023-03-13,4,6,2100-713
343,36,Video,4,2024-05-19,10,15,79-19
344,15,Blog,0,2025-11-04,16,10,347-16
345,14,Video,781,2023-07-02,19,13,7762-2590
346,1,SOCIALMEDIA,20,2024-08-21,2,20,1758-182
347,21,Video,244,2023-10-09,5,15,2401-713
348,7,Newsletter,29,2024-08-29,1,13,2316-164
349,21,Socialmedia,117,2024-07-28,19,6,4394-592
350,9,newsletter,296,2023-09-11,12,20,4529-1221
351,24,BLOG,4,2024-03-19,18,12,478-30
352,16,Newsletter,94,2023-01-05,14,8,2585-319
353,28,blog,12,2025-01-18,11,9,847-126
354,27,BLOG,0,2025-11-10,7,18,720-21
355,38,VIDEO,54,2024-11-07,6,2,3382-532
356,23,blog,94,2024-01-21,2,5,3688-808
357,1,Socialmedia,31,2024-10-11,7,7,3251-157
358,35,blog,0,2025-03-10,4,6,74-2
359,5,Video,633,2023-07-02,6,20,5643-1767
360,50,Newsletter,43,2024-07-19,6,3,2486-463
361,35,VIDEO,26,2023-06-24,15,13,1656-164
362,12,Socialmedia,355,2023-05-10,14,14,7779-1000
363,39,video,97,2024-04-17,20,1,2018-441
364,3,Blog,1284,2023-02-24,6,20,7805-3328
365,15,blog,0,2025-10-09,14,17,448-9
366,33,Socialmedia,27,2024-09-23,5,13,2951-221
367,17,Socialmedia,0,2025-10-20,1,20,75-1
368,8,Video,185,2024-04-16,15,8,4897-982
369,6,Socialmedia,180,2023-02-20,15,11,1289-449
370,45,socialmedia,13,2024-08-12,7,14,1918-118
371,14,Newsletter,39,2024-08-01,19,16,3206-245
372,37,NEWSLETTER,271,2024-02-12,3,2,5168-1366
373,45,Socialmedia,241,2024-06-26,3,17,4519-1024
374,24,Blog,333,2024-04-15,10,15,5248-1210
375,44,Blog,0,2025-11-06,7,9,439-11
376,37,Blog,100,2024-08-23,1,8,4372-899
377,16,BLOG,1,2025-03-30,16,16,148-16
378,22,VIDEO,526,2023-08-19,14,18,7680-2029
379,19,Video,66,2024-03-15,10,18,1942-392
380,41,Socialmedia,3,2025-01-20,20,16,273-33
381,49,Video,10,2025-02-28,20,3,2509-181
382,24,Blog,30,2023-05-04,1,2,286-95
383,20,NEWSLETTER,522,2023-06-23,20,6,8138-1754
384,34,Socialmedia,305,2023-04-16,10,8,7361-2639
385,34,Socialmedia,33,2024-06-21,5,8,2505-324
386,22,blog,0,2025-12-10,16,18,448-21
387,38,socialmedia,74,2024-11-27,6,8,2680-441
388,31,socialmedia,533,2023-01-09,6,3,5684-1754
389,42,Socialmedia,46,2024-05-24,4,1,1548-309
390,31,blog,526,2023-09-11,15,7,5569-1596
391,24,Newsletter,2,2025-04-04,14,18,555-29
392,12,SOCIALMEDIA,10,2025-03-06,16,6,972-132
393,38,Socialmedia,4,2025-06-28,5,4,1649-89
394,19,video,41,2023-05-23,8,17,1434-320
395,26,Video,681,2023-02-09,3,1,4746-2012
396,30,blog,30,2024-11-25,14,14,1770-194
397,18,Newsletter,487,2023-05-20,18,9,3491-1278
398,27,BLOG,0,2025-09-17,12,20,522-21
399,32,newsletter,380,2023-04-05,5,1,4548-1543
400,37,Blog,34,2024-08-30,6,2,1815-324
401,41,Blog,1,2025-07-16,12,17,1305-30
402,2,Video,950,2023-01-04,14,5,9328-4574
403,22,VIDEO,18,2024-08-18,18,11,2059-119
404,43,NEWSLETTER,22,2024-10-07,12,8,2848-381
405,42,newsletter,110,2024-06-13,6,7,2490-541
406,36,socialmedia,137,2023-09-09,16,7,6347-741
407,20,BLOG,0,2025-09-04,7,16,318-6
408,12,newsletter,33,2024-08-12,4,12,1097-199
409,28,Blog,4,2024-02-25,13,5,412-37
410,23,socialmedia,105,2024-09-08,20,2,3711-543
411,3,blog,503,2024-01-13,20,12,5430-1637
412,28,newsletter,1,2025-06-06,14,16,836-46
413,28,blog,21,2024-08-18,5,8,2164-250
414,28,socialmedia,130,2024-02-06,9,3,4684-502
415,35,blog,6,2025-05-30,15,16,1922-94
416,25,newsletter,157,2023-11-27,5,19,4543-1195
417,29,Blog,43,2024-05-09,6,2,3275-256
418,35,Video,1,2025-09-02,10,15,846-28
419,39,Socialmedia,409,2023-02-28,7,10,2803-978
420,23,blog,188,2023-10-30,1,13,4713-1086
421,35,BLOG,1,2025-07-31,14,8,557-36
422,46,blog,1,2025-08-22,15,8,1064-63
423,10,blog,130,2023-11-29,16,6,3504-1178
424,47,video,0,2025-11-20,2,9,101-1
425,26,Socialmedia,17,2024-11-05,20,8,2097-102
426,23,VIDEO,34,2024-09-15,12,4,1186-225
427,37,Blog,0,2025-07-16,15,15,235-16
428,2,Video,0,2025-12-12,12,17,120-3
429,22,VIDEO,251,2024-02-10,13,13,4450-814
430,44,Video,0,2025-11-23,2,6,677-9
431,20,Video,0,2025-08-21,20,16,1044-14
432,32,newsletter,4,2025-01-17,9,12,1773-111
433,26,newsletter,1,2024-05-31,20,7,83-19
434,32,Blog,0,2025-06-16,17,17,112-3
435,27,video,9,2024-09-18,19,6,580-88
436,40,newsletter,5,2024-09-14,4,8,514-47
437,43,Blog,71,2024-03-07,5,11,3986-307
438,21,Socialmedia,186,2024-01-18,4,17,2678-661
439,23,Blog,66,2024-05-11,13,14,3674-281
440,9,BLOG,3,2024-04-22,5,20,175-18
441,6,SOCIALMEDIA,131,2024-02-20,5,18,5865-712
442,37,Newsletter,4,2025-04-28,14,6,1693-89
443,5,Socialmedia,97,2024-11-05,8,12,3591-613
444,47,Blog,2,2025-01-22,8,20,487-57
445,41,Newsletter,5,2025-05-21,16,18,1479-80
446,34,NEWSLETTER,2,2025-06-22,5,9,1053-48
447,25,Socialmedia,0,2025-12-09,2,10,877-21
448,25,socialmedia,4,2025-06-17,7,5,1705-130
449,25,SOCIALMEDIA,61,2023-10-27,10,16,1147-209
450,1,SOCIALMEDIA,332,2023-04-19,20,15,5462-1685
451,48,Socialmedia,15,2024-08-18,5,16,624-131
452,38,VIDEO,15,2025-01-03,5,14,1853-259
453,34,NEWSLETTER,2,2025-06-26,15,19,1224-49
454,9,Blog,46,2023-12-01,4,8,1701-528
455,39,video,0,2024-04-15,19,19,58-4
456,21,video,0,2025-09-10,8,14,518-13
457,36,Socialmedia,67,2024-04-17,16,1,3815-1077
458,30,NEWSLETTER,43,2024-06-23,7,7,2995-415
459,43,Socialmedia,9,2024-12-08,8,2,1186-129
460,24,socialmedia,296,2023-06-18,18,18,6974-1320
461,32,Newsletter,8,2024-05-20,19,15,204-44
462,11,newsletter,25,2024-09-18,13,2,2717-304
463,28,NEWSLETTER,7,2024-12-04,13,13,2060-143
464,17,NEWSLETTER,2,2024-04-19,3,5,62-15
465,25,blog,134,2023-06-28,1,14,5626-497
466,20,blog,52,2024-06-04,7,8,3351-359
467,7,Socialmedia,208,2023-06-09,18,4,4551-1228
468,7,socialmedia,92,2023-09-09,15,20,4974-408
469,23,socialmedia,2,2024-10-23,9,4,171-17
470,14,Blog,6,2025-02-07,4,1,983-64
471,2,VIDEO,34,2024-05-09,4,5,2972-216
472,29,newsletter,94,2023-01-25,10,3,1190-285
473,46,Socialmedia,27,2025-03-05,3,14,2267-253
474,42,Newsletter,2,2025-05-07,4,8,1173-81
475,5,newsletter,3,2025-03-26,1,20,824-70
476,11,blog,293,2024-05-19,10,7,5021-1098
477,38,Newsletter,20,2024-10-14,17,6,563-105
478,43,Socialmedia,39,2024-10-17,8,13,3326-410
479,31,Socialmedia,34,2024-10-06,17,19,2049-331
480,21,socialmedia,85,2023-09-20,15,2,2066-387
481,27,Blog,206,2023-08-16,15,10,3561-1185
482,44,SOCIALMEDIA,76,2023-03-30,7,14,1144-456
483,47,newsletter,7,2024-12-14,14,7,1597-101
484,30,Socialmedia,67,2024-04-28,1,7,4059-459
485,35,VIDEO,335,2023-05-01,18,20,1970-817
486,17,VIDEO,50,2024-04-25,10,13,2158-254
487,21,Video,22,2025-03-19,1,7,2050-203
488,36,BLOG,80,2024-01-06,8,20,2132-373
489,21,Video,2,2025-03-31,20,9,1407-66
490,21,Socialmedia,9,2024-11-19,19,9,1409-103
491,49,Newsletter,103,2023-04-04,20,15,1560-297
492,26,Newsletter,0,2024-08-12,14,8,69-5
493,14,socialmedia,74,2024-08-29,7,3,3071-537
494,23,SOCIALMEDIA,53,2024-05-13,3,13,4224-509
495,42,socialmedia,84,2023-11-19,20,17,2656-799
496,27,Newsletter,386,2023-10-21,3,5,4193-1431
497,46,BLOG,0,2025-11-25,16,7,998-11
498,2,Socialmedia,125,2024-04-06,4,18,1734-452
499,10,video,9,2025-01-28,12,11,2575-97
500,48,SOCIALMEDIA,194,2023-01-25,18,13,3819-958
501,7,blog,4,2025-02-10,3,2,2595-108
502,50,NEWSLETTER,133,2023-03-15,19,5,2570-778
503,39,Socialmedia,202,2023-09-24,4,18,1951-574
504,45,blog,58,2024-10-29,17,11,2577-420
505,24,SOCIALMEDIA,9,2023-12-16,5,19,121-37
506,24,Blog,1,2025-03-08,17,2,763-46
507,15,BLOG,159,2023-03-08,8,13,2226-575
508,50,Video,213,2024-02-03,7,13,5316-836
509,40,socialmedia,34,2023-08-13,14,6,508-147
510,40,BLOG,11,2025-01-26,1,13,2088-132
511,26,Socialmedia,220,2023-09-25,16,16,2552-770
512,1,Video,33,2024-07-29,8,14,2172-147
513,8,BLOG,87,2024-02-28,18,9,2506-408
514,26,newsletter,14,2025-03-18,18,19,1896-185
515,21,newsletter,0,2025-09-13,17,3,468-11
516,7,Blog,123,2023-03-11,4,16,4421-503
517,35,Video,35,2024-10-30,18,20,2778-263
518,39,NEWSLETTER,54,2024-06-11,13,5,2552-406
519,50,Video,39,2023-09-10,18,15,1113-172
520,16,Socialmedia,1405,2023-01-08,9,4,7251-3048
521,6,newsletter,60,2024-10-21,4,1,2268-424
522,49,Socialmedia,0,2025-08-25,18,16,807-33
523,23,blog,188,2023-08-11,7,1,6420-1094
524,36,Video,37,2024-07-01,4,14,1089-167
525,15,socialmedia,0,2025-10-18,10,7,99-2
526,43,SOCIALMEDIA,440,2023-12-30,19,5,6457-2136
527,2,socialmedia,0,2025-09-23,15,13,18-0
528,1,socialmedia,0,2025-07-27,19,4,335-8
529,40,SOCIALMEDIA,147,2024-01-27,18,3,3633-668
530,11,Newsletter,8,2025-03-30,10,2,914-81
531,21,BLOG,28,2024-05-27,15,12,4245-235
532,44,video,0,2025-12-28,15,13,498-20
533,15,newsletter,33,2023-11-15,18,5,1293-141
534,30,BLOG,21,2024-09-17,2,3,931-158
535,39,socialmedia,382,2023-05-15,10,18,5497-2279
536,44,Socialmedia,101,2023-09-12,8,10,2999-328
537,7,Socialmedia,9,2025-04-09,7,15,964-82
538,9,Newsletter,0,2025-11-18,10,3,785-11
539,49,Video,32,2024-07-29,18,18,2276-204
540,22,video,8,2025-06-14,2,17,1482-105
541,9,video,0,2025-11-04,2,3,727-26
542,50,Newsletter,0,2025-09-03,8,9,539-13
543,44,Newsletter,0,2025-04-07,20,17,146-17
544,16,blog,16,2023-07-31,9,14,263-56
545,1,SOCIALMEDIA,221,2024-05-14,15,14,4882-924
546,11,NEWSLETTER,4,2025-06-19,7,7,1346-83
547,34,Newsletter,0,2025-07-26,5,3,1014-16
548,35,blog,3,2025-05-01,1,6,994-67
549,41,Blog,18,2025-02-07,15,13,1835-158
550,28,Video,1,2025-07-25,10,10,678-25
551,30,Newsletter,150,2023-08-25,18,12,3941-406
552,37,Newsletter,3,2025-04-21,11,20,1529-56
553,6,Blog,16,2024-12-19,19,19,1800-251
554,30,Socialmedia,329,2023-12-22,4,6,3370-1112
555,47,SOCIALMEDIA,21,2024-06-27,11,13,3690-287
556,32,Socialmedia,236,2023-05-12,4,19,6010-1097
557,13,video,241,2023-01-30,17,5,4281-706
558,45,video,3,2025-06-23,11,13,831-66
559,4,Video,1,2025-03-21,12,11,409-15
560,33,video,27,2024-05-21,19,20,1062-235
561,34,socialmedia,166,2023-07-13,3,1,1862-468
562,38,Video,1,2025-05-17,8,17,259-14
563,7,Video,1,2025-06-13,16,16,1598-68
564,45,Newsletter,12,2025-04-01,20,18,1436-117
565,20,video,680,2023-01-29,13,16,7683-2806
566,10,socialmedia,11,2025-02-15,4,12,753-107
567,22,video,154,2023-04-27,15,6,4232-918
568,23,newsletter,0,2025-12-19,6,8,552-22
569,26,Blog,10,2024-09-20,10,8,442-66
570,3,Video,0,2025-10-31,19,14,579-12
571,18,Newsletter,77,2023-12-23,8,1,3789-1005
572,18,socialmedia,104,2024-07-10,10,13,2774-463
573,30,newsletter,0,2025-10-23,16,11,357-5
574,1,Socialmedia,13,2024-07-06,8,16,658-70
575,39,NEWSLETTER,316,2023-12-14,20,12,6216-1777
576,8,Video,19,2024-08-24,2,10,1345-91
577,2,Socialmedia,329,2023-04-10,20,6,3081-849
578,25,Video,0,2025-08-27,12,4,694-8
579,16,socialmedia,22,2024-01-05,2,12,2410-207
580,13,Newsletter,0,2025-09-09,20,17,648-19
581,11,newsletter,192,2023-09-08,19,8,2535-604
582,33,SOCIALMEDIA,0,2025-09-13,8,12,236-10
583,8,video,187,2023-04-30,20,16,6773-1129
584,48,Socialmedia,790,2023-06-09,7,7,8032-2851
585,39,Socialmedia,111,2024-02-08,15,6,4296-467
586,9,newsletter,0,2025-11-27,11,7,67-2
587,46,blog,25,2025-03-01,18,16,1729-233
588,29,NEWSLETTER,172,2024-02-07,8,19,3073-667
589,34,Newsletter,33,2024-04-27,8,17,1313-267
590,41,Socialmedia,0,2025-12-15,7,15,215-7
591,34,newsletter,2,2024-11-04,1,3,1299-75
592,20,Blog,167,2023-04-17,19,6,5607-1433
593,12,Socialmedia,441,2023-10-26,3,17,6444-2254
594,33,newsletter,22,2025-01-25,2,15,2561-327
595,46,Video,4,2024-12-29,1,18,1379-54
596,20,NEWSLETTER,90,2024-12-01,13,17,3510-604
597,41,Video,211,2023-03-12,11,14,4890-632
598,41,Blog,11,2023-10-10,1,1,1443-138
599,12,newsletter,355,2023-10-18,20,5,5516-1239
600,3,SOCIALMEDIA,382,2023-03-25,17,9,8786-1381
601,43,BLOG,4,2025-04-02,6,4,2133-154
602,1,blog,203,2023-06-25,7,14,5457-639
603,42,blog,0,2025-11-26,8,14,336-3
604,14,Newsletter,2,2025-06-28,12,12,1166-40
605,10,socialmedia,171,2023-07-30,15,13,5831-622
606,41,VIDEO,106,2024-10-02,10,15,3381-576
607,19,SOCIALMEDIA,238,2023-12-22,12,2,6591-825
608,33,socialmedia,62,2023-07-29,16,6,3491-635
609,26,SOCIALMEDIA,89,2023-10-13,10,12,7057-591
610,50,Video,30,2024-06-07,2,14,1278-330
611,24,Newsletter,1938,2023-01-27,9,19,9226-4223
612,4,newsletter,3,2025-06-01,12,16,1041-88
613,17,Blog,7,2025-01-20,7,11,2874-113
614,14,Video,258,2023-10-12,11,2,3290-1006
615,17,blog,0,2025-12-29,17,14,220-9
616,12,SOCIALMEDIA,5,2024-11-18,20,15,549-29
617,33,Newsletter,26,2024-12-01,4,7,3555-502
618,17,video,0,2025-09-09,13,20,776-18
619,46,Socialmedia,5,2025-05-12,16,3,1120-118
620,30,VIDEO,64,2024-05-13,2,19,4336-322
621,45,BLOG,588,2023-06-09,13,13,5865-2367
622,7,Newsletter,16,2024-10-03,2,14,2044-105
623,48,Socialmedia,1,2025-05-29,14,13,800-62
624,46,Newsletter,7,2024-08-23,6,14,317-44
625,36,Newsletter,17,2025-03-13,10,13,2169-135
626,15,VIDEO,275,2024-05-22,3,5,4595-1068
627,14,SOCIALMEDIA,109,2024-07-23,9,2,3547-805
628,13,newsletter,21,2024-07-05,6,11,931-122
629,49,socialmedia,32,2024-08-07,12,5,4513-243
630,25,Video,26,2024-12-16,9,1,1993-198
631,22,Video,396,2023-02-21,17,18,8207-923
632,1,newsletter,76,2024-02-23,1,18,1360-256
633,16,blog,1069,2023-02-27,11,5,7169-2337
634,9,Blog,0,2025-05-24,3,17,408-14
635,4,Video,0,2025-09-06,8,14,248-9
636,21,Socialmedia,216,2024-03-06,2,13,5083-781
637,33,blog,48,2023-06-04,1,3,1175-464
638,11,newsletter,42,2024-04-27,2,3,4879-452
639,31,newsletter,17,2024-08-26,8,6,743-161
640,22,Newsletter,3,2024-08-08,5,18,375-53
641,30,Blog,23,2024-09-06,11,13,2922-267
642,45,Newsletter,1,2025-01-25,1,17,140-12
643,28,Socialmedia,257,2023-10-26,4,7,3996-969
644,3,video,29,2024-02-24,8,1,1698-188
645,1,Socialmedia,11,2023-11-20,6,20,157-42
646,43,Blog,44,2024-05-07,17,15,1039-224
647,19,Blog,118,2024-03-08,19,19,4206-783
648,21,Blog,505,2023-02-20,18,14,5831-2028
649,5,blog,98,2023-08-11,13,17,1618-608
650,28,video,483,2023-06-01,8,9,7396-2102
651,46,SOCIALMEDIA,223,2023-08-24,4,11,7744-1134
652,22,VIDEO,91,2023-06-29,6,4,984-281
653,24,Video,422,2023-05-20,3,9,8533-1197
654,12,Blog,326,2023-12-29,12,4,3855-976
655,45,Newsletter,27,2024-06-26,14,7,3722-552
656,32,socialmedia,29,2024-12-14,19,3,2221-168
657,23,Blog,62,2024-09-30,2,1,4169-703
658,37,video,586,2023-09-25,18,3,7079-1943
659,12,Video,24,2024-05-06,15,11,2104-131
660,18,BLOG,0,2025-09-06,6,14,608-8
661,18,VIDEO,14,2024-10-13,13,16,2151-241
662,14,NEWSLETTER,7,2025-04-19,3,9,675-68
663,11,Blog,0,2025-10-04,20,7,925-39
664,2,NEWSLETTER,6,2024-04-09,15,18,1005-104
665,22,Socialmedia,260,2023-12-16,13,12,6304-1513
666,14,socialmedia,9,2024-12-31,2,20,3062-162
667,44,blog,1,2025-02-14,10,20,1090-35
668,14,BLOG,223,2023-12-01,16,12,6293-1990
669,45,Video,12,2023-09-05,11,2,727-104
670,18,Socialmedia,504,2023-12-19,15,6,5528-1548
671,27,Newsletter,53,2024-07-25,2,5,1669-263
672,28,Socialmedia,685,2023-02-22,20,9,7705-2908
673,35,Video,6,2025-01-26,18,2,1301-125
674,29,SOCIALMEDIA,774,2023-01-11,15,10,5429-2104
675,25,SOCIALMEDIA,353,2023-06-19,4,2,7826-1547
676,25,Socialmedia,0,2025-07-11,19,8,54-1
677,39,Video,200,2023-07-05,18,16,6793-1772
678,32,newsletter,1,2025-05-23,9,1,483-19
679,43,newsletter,0,2025-11-17,18,18,225-4
680,35,socialmedia,27,2024-07-01,19,12,1897-125
681,26,Video,69,2024-10-13,5,12,2683-527
682,4,video,8,2025-01-23,3,14,1294-58
683,11,SOCIALMEDIA,59,2024-06-04,18,9,3263-661
684,9,Socialmedia,12,2024-11-25,4,5,1772-207
685,21,NEWSLETTER,66,2023-09-12,4,16,1017-290
686,4,Newsletter,0,2025-11-17,15,18,669-13
687,31,Video,0,2025-10-08,4,7,179-6
688,30,newsletter,74,2023-11-04,13,11,1178-248
689,28,video,0,2025-10-29,17,7,808-12
690,24,BLOG,4,2025-07-11,18,9,1491-61
691,40,blog,694,2023-01-28,18,9,5123-2062
692,13,VIDEO,61,2024-04-28,15,9,1514-294
693,17,Socialmedia,108,2024-04-10,20,7,3491-555
694,12,newsletter,11,2024-02-05,19,11,444-119
695,23,newsletter,5,2025-04-16,9,12,1662-100
696,14,video,143,2023-01-03,4,11,4053-1261
697,7,Blog,270,2023-04-06,12,1,5787-2258
698,43,Socialmedia,0,2025-06-12,6,6,127-3
699,35,Blog,224,2024-03-03,11,3,3671-859
700,1,Video,62,2023-06-02,11,6,1404-287
701,34,Blog,0,2025-06-09,11,3,234-7
702,23,Blog,170,2023-06-08,11,16,3505-796
703,12,Socialmedia,0,2025-12-12,15,4,598-10
704,24,newsletter,52,2023-08-21,1,10,3878-442
705,25,Newsletter,83,2024-04-02,4,3,4873-539
706,30,BLOG,308,2023-01-11,13,11,8960-2078
707,14,NEWSLETTER,3,2024-10-29,5,15,1463-71
708,21,blog,0,2025-08-05,2,16,170-5
709,46,Video,0,2025-09-09,2,5,317-14
710,22,socialmedia,70,2023-09-27,2,20,4104-632
711,12,VIDEO,15,2023-11-13,14,20,829-197
712,17,blog,0,2025-12-19,16,9,411-6
713,3,NEWSLETTER,57,2024-09-03,19,18,2706-430
714,46,blog,11,2024-07-30,1,11,2676-129
715,20,Newsletter,27,2024-06-19,15,11,3476-294
716,48,video,117,2024-08-10,19,12,4392-891
717,25,Socialmedia,0,2025-11-19,11,14,639-27
718,41,SOCIALMEDIA,96,2024-06-28,7,8,4521-931
719,31,Blog,846,2023-05-18,13,16,7338-2960
720,33,newsletter,4,2025-04-19,11,5,1372-58
721,11,newsletter,99,2024-04-15,5,7,5297-398
722,34,socialmedia,62,2023-11-06,1,11,2655-279
723,47,SOCIALMEDIA,0,2025-11-15,10,20,77-1
724,38,blog,5,2025-03-11,15,14,1456-118
725,46,video,10,2024-09-13,16,10,1615-164
726,10,video,39,2024-06-24,3,19,1788-247
727,30,Socialmedia,57,2024-10-14,19,13,1874-360
728,4,video,10,2025-04-04,15,7,2189-182
729,50,blog,202,2024-03-31,17,6,4412-884
730,19,SOCIALMEDIA,32,2025-03-25,12,4,2149-267
731,4,VIDEO,13,2024-11-07,19,2,489-79
732,25,video,0,2025-10-24,7,3,439-7
733,5,BLOG,0,2025-02-11,16,3,192-16
734,30,blog,277,2023-05-30,19,5,8104-1780
735,1,Blog,128,2024-08-26,6,17,3440-756
736,17,Blog,1,2025-08-08,5,11,1060-41
737,9,Newsletter,277,2023-05-07,20,8,3576-1116
738,11,SOCIALMEDIA,28,2024-05-07,15,10,1022-108
739,39,Socialmedia,476,2023-02-25,12,1,3533-1370
740,50,video,0,2025-11-25,1,14,33-0
741,12,video,0,2025-09-30,10,18,960-13
742,44,blog,66,2023-10-14,19,11,799-221
743,46,Newsletter,26,2025-01-05,16,15,2680-399
744,40,SOCIALMEDIA,297,2023-11-20,1,1,6450-1074
745,32,newsletter,52,2024-08-08,12,1,4408-496
746,24,Newsletter,65,2024-02-16,1,5,1352-350
747,6,NEWSLETTER,31,2024-07-02,9,7,4241-509
748,47,blog,42,2024-04-07,6,8,3383-574
749,12,newsletter,14,2023-02-12,16,14,424-46
750,33,BLOG,19,2025-01-20,17,9,2129-223
751,2,socialmedia,6,2025-02-28,16,1,2069-102
752,38,blog,1,2025-02-16,17,3,253-25
753,15,Newsletter,0,2025-10-10,19,14,510-11
754,27,video,249,2024-03-01,13,1,5309-1185
755,44,blog,30,2024-08-05,15,6,2862-167
756,50,Video,6,2024-10-02,4,1,819-53
757,47,video,28,2024-02-23,6,3,1101-146
758,42,blog,32,2024-12-04,16,3,1984-311
759,40,video,21,2024-08-05,1,11,1447-149
760,20,VIDEO,5,2025-05-03,8,9,2130-161
761,14,Video,91,2023-03-25,1,11,1414-510
762,18,NEWSLETTER,0,2025-03-18,3,6,314-14
763,14,socialmedia,4,2025-06-21,4,19,1739-61
764,48,Blog,731,2023-06-18,6,10,7732-2570
765,31,socialmedia,316,2023-03-25,5,12,5472-2376
766,49,Blog,30,2024-09-11,8,17,2699-560
767,11,Video,755,2023-07-24,11,20,6105-2088
768,40,VIDEO,216,2023-05-31,19,10,3278-881
769,16,SOCIALMEDIA,57,2024-02-24,19,15,1091-311
770,26,video,2,2025-07-09,16,15,1182-79
771,48,blog,233,2023-07-17,3,12,1409-572
772,34,blog,0,2025-08-07,10,1,367-9
773,7,SOCIALMEDIA,104,2024-06-22,19,14,4636-722
774,39,socialmedia,178,2024-03-25,5,10,2369-688
775,8,video,372,2023-04-23,6,10,2375-1022
776,16,NEWSLETTER,71,2024-04-02,10,4,2713-707
777,3,Socialmedia,6,2025-06-07,4,10,1425-78
778,27,newsletter,3,2024-09-14,4,10,483-70
779,39,BLOG,185,2023-10-15,17,8,1604-552
780,30,blog,0,2025-12-05,5,10,378-17
781,28,blog,204,2023-08-13,11,1,7559-912
782,26,Socialmedia,307,2023-03-01,20,4,5130-663
783,44,Newsletter,10,2023-04-11,14,5,129-30
784,26,Newsletter,561,2023-02-19,18,12,8955-1797
785,50,blog,146,2024-02-10,12,15,6122-578
786,45,SOCIALMEDIA,930,2023-04-16,19,13,5347-2378
787,40,Video,132,2024-04-01,11,11,3650-603
788,33,VIDEO,0,2025-11-04,7,5,204-7
789,37,newsletter,162,2023-05-20,3,9,4181-1197
790,3,NEWSLETTER,294,2023-06-01,5,4,5853-1985
791,7,NEWSLETTER,257,2024-03-16,13,5,3830-1110
792,47,VIDEO,297,2023-12-03,3,12,3493-1118
793,9,VIDEO,121,2023-10-11,11,15,5250-1274
794,18,socialmedia,0,2025-05-12,3,12,201-9
795,38,newsletter,86,2024-01-24,16,1,2141-578
796,8,socialmedia,545,2023-04-28,15,11,3724-1533
797,34,blog,3,2025-05-28,17,2,1811-149
798,3,video,11,2024-07-07,4,8,689-97
799,18,blog,17,2024-06-16,9,10,879-84
800,39,newsletter,202,2024-02-17,13,18,4156-1216
801,36,Socialmedia,88,2024-01-11,16,16,3646-648
802,6,Newsletter,1284,2023-04-15,5,5,8452-3664
803,42,Video,10,2024-09-23,14,7,1107-95
804,13,NEWSLETTER,428,2023-09-12,3,9,5571-1359
805,10,SOCIALMEDIA,0,2025-12-20,17,9,10-0
806,35,SOCIALMEDIA,6,2025-05-31,9,1,1801-66
807,29,NEWSLETTER,0,2025-10-06,7,7,606-24
808,37,Blog,58,2025-01-08,6,2,3083-446
809,2,Socialmedia,151,2023-10-05,3,13,5275-516
810,16,Blog,425,2023-06-16,10,12,6547-1222
811,41,socialmedia,1,2025-03-16,12,2,205-14
812,22,Newsletter,12,2025-03-19,17,7,1980-115
813,43,Blog,8,2023-06-13,10,3,195-78
814,7,socialmedia,4,2025-06-29,8,18,757-60
815,2,VIDEO,627,2023-02-12,12,19,7679-2681
816,29,NEWSLETTER,7,2025-06-28,12,19,1405-87
817,48,NEWSLETTER,83,2024-06-10,9,20,3147-565
818,13,Newsletter,0,2025-10-17,5,12,517-14
819,23,VIDEO,200,2023-03-01,14,18,5386-732
820,14,Socialmedia,0,2025-10-15,19,10,640-23
821,31,Blog,2,2025-06-25,4,5,1236-75
822,7,Video,352,2023-05-05,16,6,6044-799
823,8,Socialmedia,7,2025-01-22,2,14,1326-68
824,11,socialmedia,22,2024-09-10,13,10,3622-164
825,28,Video,3,2025-05-30,13,14,950-36
826,11,socialmedia,52,2024-02-16,13,13,1843-179
827,42,socialmedia,0,2025-02-19,19,13,84-8
828,12,Video,618,2023-02-05,14,11,3950-1667
829,46,Video,0,2025-11-28,2,11,307-14
830,44,blog,151,2024-01-15,17,4,2716-574
831,41,blog,0,2025-08-28,11,4,141-1
832,31,video,13,2024-12-19,7,2,2637-130
833,13,NEWSLETTER,680,2023-10-04,14,10,6635-2138
834,17,Newsletter,36,2024-02-21,20,6,2170-301
835,16,Video,135,2023-04-30,10,13,4425-1152
836,1,blog,1,2025-08-29,14,17,837-45
837,48,SOCIALMEDIA,5,2025-01-10,4,14,978-88
838,21,video,124,2024-06-27,9,18,4640-886
839,30,Newsletter,36,2023-02-16,10,19,748-320
840,30,Socialmedia,4,2024-12-10,9,1,530-58
841,37,Blog,10,2024-11-20,8,20,1733-92
842,46,blog,200,2024-04-29,18,6,4712-1159
843,44,newsletter,48,2024-08-02,19,3,3795-620
844,11,Blog,320,2023-03-07,16,15,4545-1015
845,42,Blog,52,2024-05-13,9,2,1933-482
846,38,Socialmedia,1061,2023-01-24,2,17,8643-2912
847,7,Socialmedia,0,2025-12-15,11,20,281-8
848,36,Video,180,2023-11-01,19,19,6569-1074
849,11,video,42,2024-01-26,19,9,2281-520
850,33,Newsletter,54,2024-06-17,19,17,4252-777
851,9,VIDEO,0,2025-10-27,9,1,960-22
852,36,blog,95,2023-04-08,15,3,992-319
853,4,video,7,2025-03-16,17,18,918-99
854,15,blog,6,2025-01-17,3,5,2712-193
855,10,Socialmedia,2,2024-05-15,15,12,308-35
856,39,BLOG,32,2024-11-19,16,15,1028-173
857,37,Newsletter,102,2024-08-16,14,18,2485-546
858,20,Video,0,2025-12-27,8,2,308-13
859,39,Newsletter,1,2025-07-25,8,4,895-31
860,28,VIDEO,9,2025-02-27,3,6,719-72
861,11,Video,0,2025-09-25,20,17,765-37
862,4,Video,66,2024-10-16,4,10,3767-484
863,6,Video,0,2025-09-15,19,15,234-6
864,15,blog,57,2023-12-18,4,3,2400-419
865,25,socialmedia,44,2024-06-13,17,17,1196-220
866,33,newsletter,61,2023-11-04,2,10,2719-291
867,25,Video,10,2025-02-24,14,8,1504-130
868,43,newsletter,80,2024-06-15,2,6,2110-422
869,40,Socialmedia,2,2025-02-07,11,15,140-19
870,27,SOCIALMEDIA,135,2023-04-12,13,18,4620-591
871,37,blog,131,2024-03-03,11,10,6038-1012
872,11,blog,23,2024-08-03,1,19,3159-270
873,40,SOCIALMEDIA,23,2024-04-20,7,18,955-96
874,3,Blog,8,2025-02-07,18,19,863-68
875,48,SOCIALMEDIA,58,2024-09-02,3,15,2304-400
876,24,newsletter,321,2023-02-24,2,13,2016-693
877,22,Video,48,2024-03-12,18,7,4090-345
878,24,socialmedia,184,2023-05-31,17,12,8344-1381
879,8,Newsletter,25,2024-11-03,15,9,1683-279
880,24,VIDEO,202,2023-03-24,4,17,1902-654
881,1,Newsletter,38,2024-02-26,15,18,4278-608
882,45,Newsletter,1,2025-04-03,12,3,578-31
883,11,newsletter,8,2025-05-01,4,8,2093-117
884,12,newsletter,0,2025-08-10,12,3,1281-47
885,24,NEWSLETTER,15,2025-03-03,4,10,941-123
886,15,SOCIALMEDIA,12,2024-08-21,12,3,681-142
887,41,Socialmedia,0,2025-09-21,13,5,687-22
888,35,Socialmedia,732,2023-11-16,13,8,6035-2101
889,39,blog,305,2023-05-03,9,1,3280-1379
890,29,SOCIALMEDIA,50,2024-04-23,3,6,2590-198
891,15,blog,167,2023-05-13,13,10,6196-821
892,34,NEWSLETTER,399,2023-11-06,8,4,6595-1190
893,36,BLOG,329,2023-02-02,9,7,8283-892
894,37,SOCIALMEDIA,0,2025-11-12,15,6,254-10
895,1,Blog,96,2024-08-11,20,15,2703-557
896,47,socialmedia,135,2024-05-06,13,17,3544-642
897,36,Socialmedia,305,2023-12-29,9,3,5263-933
898,38,blog,0,2025-11-18,3,3,564-10
899,40,Newsletter,86,2023-11-08,18,7,2914-494
900,49,Blog,17,2024-01-11,11,5,322-84
901,6,blog,0,2025-09-25,12,4,141-5
902,49,VIDEO,68,2024-06-05,2,5,5029-963
903,26,Blog,201,2023-12-28,5,12,4229-723
904,41,blog,106,2023-05-09,4,2,2080-324
905,34,newsletter,176,2023-11-06,19,17,5868-1608
906,15,VIDEO,32,2023-11-03,12,19,1438-114
907,19,NEWSLETTER,161,2023-09-20,16,7,3296-632
908,41,Newsletter,4,2025-02-14,11,13,1649-51
909,40,Blog,0,2025-08-20,6,7,228-13
910,19,VIDEO,474,2023-06-09,8,11,4025-1169
911,32,socialmedia,121,2023-06-30,18,3,3103-995
912,40,socialmedia,12,2024-10-16,5,16,1936-281
913,32,NEWSLETTER,0,2024-11-05,5,3,361-14
914,18,VIDEO,1,2025-05-06,14,2,740-27
915,13,Socialmedia,90,2023-09-25,7,6,6047-474
916,31,newsletter,631,2023-06-13,19,9,7415-2789
917,40,Newsletter,5,2024-08-21,4,15,410-82
918,3,newsletter,26,2024-10-22,2,18,3062-552
919,38,Video,2,2025-07-05,20,2,786-31
920,21,Video,3,2023-10-10,4,20,169-40
921,19,Blog,95,2023-04-07,13,10,7044-821
922,7,Blog,145,2023-12-21,15,9,2566-455
923,12,Video,124,2024-08-09,19,12,2604-577
924,36,blog,12,2023-04-18,1,18,313-104
925,4,blog,13,2024-12-15,6,19,1552-160
926,21,Blog,457,2023-04-17,9,15,6294-1411
927,32,blog,401,2024-01-12,10,15,4699-1447
928,9,SOCIALMEDIA,8,2025-04-04,13,6,2342-144
929,33,VIDEO,8,2024-07-10,17,2,375-91
930,36,Blog,12,2024-08-19,19,7,1431-274
931,42,Video,0,2025-10-22,14,4,817-18
932,24,blog,3,2025-07-26,8,5,1248-81
933,39,Newsletter,227,2023-09-26,18,8,4420-747
934,37,Blog,595,2023-02-01,17,3,5428-1692
935,9,Blog,53,2024-08-05,5,13,1645-382
936,43,Video,0,2025-06-09,1,4,26-2
937,27,socialmedia,373,2023-02-14,8,16,8400-1142
938,27,Newsletter,145,2024-01-18,1,6,2835-879
939,12,SOCIALMEDIA,196,2024-01-06,9,16,4662-1142
940,22,Newsletter,225,2023-03-08,7,8,4670-1542
941,30,Socialmedia,16,2024-10-16,9,5,1085-141
942,20,Video,1,2024-10-17,16,2,192-21
943,21,newsletter,640,2023-06-20,20,18,5645-1532
944,10,VIDEO,0,2025-11-05,17,8,546-26
945,13,Video,131,2024-07-06,12,5,4537-841
946,23,NEWSLETTER,992,2023-06-09,7,7,7093-2430
947,4,blog,8,2025-06-04,20,7,1470-118
948,13,blog,81,2024-07-07,6,15,2227-333
949,16,video,94,2024-06-18,6,6,4359-569
950,4,SOCIALMEDIA,71,2024-05-01,16,15,4287-1059
951,27,newsletter,30,2023-08-11,17,13,965-135
952,38,VIDEO,9,2025-04-01,8,5,2318-250
953,49,Socialmedia,4,2024-11-24,14,3,169-24
954,29,blog,36,2024-08-05,15,6,2562-321
955,18,socialmedia,51,2024-01-20,5,4,2269-648
956,6,VIDEO,15,2024-11-06,19,15,2885-325
957,26,video,7,2025-01-07,11,1,752-97
958,3,Blog,89,2023-03-30,14,8,4626-525
959,2,video,6,2023-08-27,1,17,640-78
960,30,Blog,132,2023-07-14,17,9,7823-1177
961,30,socialmedia,0,2025-09-05,6,17,359-16
962,32,newsletter,16,2024-08-25,19,17,1331-105
963,1,Blog,238,2024-01-13,7,7,4258-823
964,20,Video,1,2025-06-05,16,6,1377-48
965,15,socialmedia,94,2023-10-20,19,18,3126-839
966,24,video,4,2025-03-22,4,2,625-53
967,17,NEWSLETTER,193,2023-05-12,10,14,5935-1766
968,44,video,436,2023-08-14,16,15,7410-1585
969,49,socialmedia,3,2025-05-10,12,4,1283-37
970,39,Socialmedia,43,2023-12-25,18,8,791-135
971,39,Newsletter,42,2023-12-18,5,12,5972-558
972,16,VIDEO,1,2025-09-07,13,2,896-42
973,12,video,23,2024-08-04,15,9,972-212
974,4,newsletter,1,2025-08-19,20,17,1050-52
975,35,video,3,2025-03-21,3,9,909-61
976,2,Socialmedia,703,2023-09-26,13,17,6759-1938
977,30,Blog,644,2023-04-26,18,4,6064-1791
978,26,video,61,2024-07-13,14,2,1871-293
979,19,Socialmedia,179,2023-10-25,19,15,3775-575
980,29,SOCIALMEDIA,169,2023-10-16,20,18,2780-579
981,42,NEWSLETTER,14,2025-02-22,7,5,1584-164
982,16,video,49,2024-09-01,5,18,2021-335
983,14,Blog,17,2024-06-24,9,14,1299-159
984,35,Blog,28,2023-02-16,5,3,611-81
985,50,Newsletter,162,2023-04-03,10,17,6231-1065
986,49,video,42,2024-10-04,18,6,4084-325
987,5,blog,4,2025-06-21,4,19,1441-97
988,24,VIDEO,82,2023-04-12,20,12,2786-346
989,23,newsletter,0,2025-02-16,4,15,149-12
990,45,NEWSLETTER,794,2023-06-18,19,1,7583-2622
991,17,BLOG,0,2025-04-06,13,11,57-5
992,12,Blog,0,2025-07-24,12,19,337-7
993,34,NEWSLETTER,2,2025-06-14,14,14,1652-91
994,36,SOCIALMEDIA,36,2024-10-25,20,9,2487-333
995,22,newsletter,90,2023-05-28,10,18,717-243
996,47,Socialmedia,146,2024-03-22,4,12,5378-556
997,17,Socialmedia,22,2025-02-14,11,2,2050-207
998,2,Blog,8,2025-04-16,7,11,1266-116
999,41,Blog,12,2025-03-03,10,5,1618-146
1000,49,Blog,0,2025-12-31,7,16,189-3
